TYPE OF SORT,N,Time(ms)
MERSORT,10000,2.82005
MERSORT,20000,6.0035
MERSORT,30000,9.30485
MERSORT,40000,12.8041
MERSORT,50000,16.292
QUISORT,10000,3.30335
QUISORT,20000,6.7437
QUISORT,30000,10.2962
QUISORT,40000,13.9677
QUISORT,50000,17.6135
